{
    "device_type": "D435i",
    "imus": [
        {
            "accelerometer": {
                "bias": [
                    -0.051668266894881826,
                    -0.14425682059984787,
                    0.04719331577413648
                ],
                "scale_and_alignment": [
                    1.0261782187035848,
                    0.013560643619913847,
                    0.031261621214069946,
                    0.005554742303106857,
                    1.017622816660564,
                    0.038757948570455,
                    0.007384498634992805,
                    -0.0018898809429740426,
                    1.0150390021795705
                ]
            },
            "gyroscope": {
                "bias": [
                    -0.0010495306687087448,
                    -0.0033237814050316424,
                    0.0005703628139089891
                ],
                "scale_and_alignment": [
                    1.0,
                    0.0,
                    0.0,
                    0.0,
                    1.0,
                    0.0,
                    0.0,
                    0.0,
                    1.0
                ]
            }
        }
    ]
}